EventID,ServiceID,Quantity,Notes
56,4,1,Political economic population with other job site region ever.
40,19,2,Leader customer commercial professor window break.
32,11,1,Mind nice heavy population maybe unit.
6,8,5,Stand yard management behavior story almost area follow rich provide reality.
59,19,5,Even bit stop social wind line.
4,1,4,Admit have loss open threat happen cover.
85,9,2,Send television soon skill dark left commercial past staff city.
9,1,2,Loss half pay than drug management.
27,12,1,Summer test world measure civil food yet gun office represent not.
52,20,1,Base become culture fish not wall leave contain.
6,11,3,Big teach site apply catch go culture fill scene.
81,15,1,Account probably eat usually truth situation.
87,10,5,Analysis eye teacher throughout improve national but push.
100,5,1,You old others can pick nice get star ask thought.
50,20,5,Process finally general near better yard.
3,12,3,Blood cover month season program hard determine particular commercial star.
59,16,5,Hour skin best statement night fly majority.
26,20,5,From first blood property almost throw again plant seek.
66,1,3,Staff represent front from it.
27,15,1,Great to worry door feel probably space maintain.
41,11,5,Soon raise north fear there.
13,5,4,School these hear material lawyer only wide mean.
72,4,4,Few own agree item you note federal pretty simply.
83,17,2,Deal four hot including market market operation.
77,15,2,Key tree forward painting within.
53,12,2,Forward class expert alone how us rate hot.
31,1,3,After eye event leg up example.
85,13,5,Set police power any recent central.
10,13,1,Bed modern general age us hospital view lead.
41,2,1,Support senior most red throughout hard media opportunity imagine last.
36,18,2,Give democratic decade my current PM whom onto actually rate.
18,6,2,Plan democratic purpose city she whole authority.
82,18,2,Strategy organization guy car future.
93,7,5,Fund senior right partner purpose subject up management eye market she.
55,4,2,Realize ready institution base nation never.
33,12,2,Write politics realize imagine recently he five board area.
29,11,1,Many difficult yard task speak.
34,17,2,Focus between job production current sport others.
30,8,5,Election tree body history economic kid.
95,12,1,Hotel if style billion foot.
50,4,5,Training myself painting dark.
61,19,5,Factor soon general learn travel friend us have make his.
48,8,1,Manager main call party attack.
60,4,2,Look sport beyond capital cold color alone.
24,13,2,End technology natural green activity room at throw.
11,1,1,Window fast mention similar easy such coach situation everybody.
32,12,2,Exactly through soon level community over see.
11,2,4,Most beautiful produce else tell imagine.
58,12,3,Ground eye thousand real success wide executive mission.
27,3,1,Yet music range system whether serious.
11,10,3,Article put degree market really nothing.
77,11,2,Property brother record technology himself career up kid center.
15,17,3,Hear everything buy throw.
34,16,1,Wonder whether his expect run.
13,16,5,Soldier inside pass fast fight issue show.
95,17,4,Skill may green dinner teacher name.
37,9,3,Own memory friend question against case ground administration space.
51,17,2,Create culture trade high couple drive.
18,1,1,Reveal need teacher city significant off particularly through big capital tax.
54,17,5,Coach determine your condition bed.
63,13,1,Manager least social blood win.
51,8,2,Partner thought week indeed off develop respond later seem perform.
50,18,1,Cell information camera success meeting course.
11,11,3,Provide perhaps their a leave boy necessary.
29,4,5,Unit sea important why approach production.
24,4,3,Store image feeling instead treat capital mouth.
25,12,2,Environment significant trade visit painting throughout.
11,12,1,Cut law nature customer above ball house suddenly class.
19,4,4,Well effort down direction board ok box.
4,9,4,Authority son agent space great community attack great ago.
28,12,2,Fly every one become trade option trip town product rather.
91,1,1,Husband what worker whom choose small another test better rather.
77,19,1,Coach section recognize tough do account ok support.
66,13,1,Doctor investment identify later drug.
63,15,3,Itself point government trial election environmental wind check seek.
44,12,5,Woman stuff for establish event compare.
6,6,3,Behind dark development phone music Mr second form service.
49,12,1,Magazine hundred than upon business management.
86,11,1,Player miss catch but just I thought.
1,19,5,Coach still forget we both perform rate role field.
15,14,1,Pretty head sell side world consumer identify particular purpose.
55,6,3,Ten drop water fall various song direction different official none.
33,18,1,Available record born chair see scientist by agent benefit.
16,9,5,Support guy become without son need school.
49,1,5,Police must character hospital raise lawyer matter car.
71,19,5,Lose choice area road option college more establish.
51,13,1,Cut foot culture receive teacher long apply southern.
52,15,5,Picture third option true spring western.
28,3,5,System form of television condition catch race your.
2,17,5,Behind whether short take though.
16,5,2,Situation value yourself contain begin.
37,2,3,Require few street special.
74,10,3,Support claim southern focus within they indicate.
38,6,4,Story man better here degree financial still of beautiful popular.
91,6,3,Ahead kind amount civil do whatever certainly kitchen responsibility I again.
52,10,5,Rather record physical apply spend.
71,5,4,North his live turn reflect name already themselves direction very.
43,1,3,Admit four realize it usually ten simply letter walk operation.
93,10,3,Collection might window before laugh culture either.
62,20,5,Improve really past organization one thing.
